,fALFF_sws_total_r,gmd_sws_total_fdr,gmd_sws_total_p,gmd_sws_total_r,parc_name,parcel_name,sws_total,zALFF_sws_total_fdr,zALFF_sws_total_p,zALFF_sws_total_r,zDCbin_sws_total_fdr,zDCbin_sws_total_p,zDCbin_sws_total_r,zDCwei_sws_total_fdr,zDCwei_sws_total_p,zDCwei_sws_total_r,zReHo_sws_total_fdr,zReHo_sws_total_p,zReHo_sws_total_r,zfALFF_sws_total_bonferroni,zfALFF_sws_total_fdr,zfALFF_sws_total_p,zfALFF_sws_total_r
0,0.067268222470055,,0.23112770806656,0.033909297481804,17Networks_17,gmd_17Networks_17zReHo_17Networks_17fALFF_17Networks_17zDCwei_17Networks_17,0.097195436170247,,0.115192712597133,,,0.744483796654898,,,0.688717767441979,-0.005426199185232,,0.330872790444334,0.00144411540362,,,0.735712448124332,
1,0.029139207684444,,0.323083311759709,-0.092583855602903,17Networks_16,gmd_17Networks_16zReHo_17Networks_16fALFF_17Networks_16zDCwei_17Networks_16,-0.054152092838733,,0.274130052042997,,,0.552571325689546,,,0.522871723588441,-0.040846164577783,,0.796419971413015,0.050138719657509,,,0.614561462246972,
2,0.072161648089593,,0.521962285847671,-0.072050507774911,17Networks_15,gmd_17Networks_15zReHo_17Networks_15fALFF_17Networks_15zDCwei_17Networks_15,0.099972157208679,,0.42628920294105,,,0.199012934818243,,,0.192753883214913,-0.001432179971861,0.044540428762109,0.038885740892488,0.101293196865858,,,0.105121475840751,
3,0.094398401906705,,0.666003194258502,-0.015831396004142,17Networks_14,gmd_17Networks_14zReHo_17Networks_14fALFF_17Networks_14zDCwei_17Networks_14,0.112415298869264,,0.65082571871613,,,0.650018761526966,,,0.549601364930093,-0.016478078538303,,0.595503687760262,0.050326371505004,,,0.855993637324184,
4,0.073949746816241,,0.360521358561534,-0.054018150618178,17Networks_13,gmd_17Networks_13zReHo_17Networks_13fALFF_17Networks_13zDCwei_17Networks_13,0.053832548046543,,0.903114086648848,,,0.796748921607604,,,0.823361989403748,0.000465184451822,,0.591608709249471,0.033435767396658,,,0.694378037174453,
5,0.104250942927002,,0.757080465719908,-0.0274427856543,17Networks_12,gmd_17Networks_12zReHo_17Networks_12fALFF_17Networks_12zDCwei_17Networks_12,0.104841670664556,,0.198209251779513,,,0.786555884069915,,,0.667677802932012,0.018393629029436,,0.468106478463424,0.009639884362418,,,0.677163434619578,
6,0.112415938773883,,0.649129527374939,-0.020506110473178,17Networks_11,gmd_17Networks_11zReHo_17Networks_11fALFF_17Networks_11zDCwei_17Networks_11,0.210853481950895,,0.571871957662215,,,0.070105059685494,,,0.058927948426996,0.024667030554004,,0.069618345569106,0.094276623096186,,,0.07996187631133,
7,0.150428224388061,,0.577229449692109,-0.049198827414386,17Networks_10,gmd_17Networks_10zReHo_17Networks_10fALFF_17Networks_10zDCwei_17Networks_10,0.210804467708316,,0.582847916201873,,,0.872714105195349,,,0.824920056642567,0.023845630731712,,0.462627265384528,0.085729440002929,,,0.480544637138691,
8,0.120258929254959,,0.874711675229719,-0.070913166020503,17Networks_9,gmd_17Networks_9zReHo_17Networks_9fALFF_17Networks_9zDCwei_17Networks_9,0.253053413551,,0.482035687505031,,0.048666690964411,0.046272023632852,,0.044540428762109,0.038468330575576,0.094811376867452,,0.083035183792197,0.108896273449092,,0.04447808578329,0.036624224903133,
9,0.081673369611348,,0.868761347085412,-0.10114989834934,17Networks_8,gmd_17Networks_8zReHo_17Networks_8fALFF_17Networks_8zDCwei_17Networks_8,0.084884002657071,,0.498216807455384,,,0.821305479494229,,,0.737367800542303,0.049959582654852,,0.303514522997134,0.054400948740211,,,0.135098598568634,
10,0.165939594572721,,0.708255089420955,-0.080344744410279,17Networks_7,gmd_17Networks_7zReHo_17Networks_7fALFF_17Networks_7zDCwei_17Networks_7,0.260524929041251,,0.588596353601239,,,0.515724382956766,,,0.501789226896151,0.088133850989967,,0.345795314023941,0.086796227888842,,,0.444543237050854,
11,0.134588015320785,,0.762648168944931,-0.037304461499495,17Networks_6,gmd_17Networks_6zReHo_17Networks_6fALFF_17Networks_6zDCwei_17Networks_6,0.20190389979779,,0.32575525671558,,,0.883772162252836,,,0.883264720100212,0.047873962917086,,0.879773410181903,0.056746383059414,,,0.906945042920152,
12,0.167828744230407,,0.774504582031169,0.020322605429972,17Networks_5,gmd_17Networks_5zReHo_17Networks_5fALFF_17Networks_5zDCwei_17Networks_5,0.445654850431708,,0.314248771682844,,,0.174560988619599,,,0.205081094558582,0.112053018467611,,0.326724668656203,0.145450482303718,,,0.121006554974355,
13,0.220247779283991,,0.358469655651875,-0.080551349906212,17Networks_4,gmd_17Networks_4zReHo_17Networks_4fALFF_17Networks_4zDCwei_17Networks_4,0.35452250675907,,0.233037979705785,,,0.572879175913743,,,0.64839616440427,0.056632771340665,,0.467326191948373,0.158193306040626,,,0.344617170354527,
14,0.185444825886929,,0.572506454377647,-0.108630619246126,17Networks_3,gmd_17Networks_3zReHo_17Networks_3fALFF_17Networks_3zDCwei_17Networks_3,0.223553814277621,,0.393186976973045,,,0.555984221518942,,,0.560715185877953,0.05953645007942,,0.559302879905195,0.087203157557398,,,0.255550189980487,
15,0.184297083069558,,0.470149858898666,0.004801224361363,17Networks_2,gmd_17Networks_2zReHo_17Networks_2fALFF_17Networks_2zDCwei_17Networks_2,0.406268681723793,0.041309255498928,0.027602809861947,,,0.868872511637991,,,0.718769985054549,0.07006726575315,,0.126662331011472,0.147103108539722,,0.04961052048189,0.049088229415507,
16,0.122383234730092,,0.668085153206637,-0.013638798146804,17Networks_1,gmd_17Networks_1zReHo_17Networks_1fALFF_17Networks_1zDCwei_17Networks_1,0.137422017503182,0.009778574333817,0.000357372446633,,,0.158978650829029,,,0.142257891110048,-0.026241843334503,,0.961522801181352,0.054919424254397,,,0.960716264714545,
17,,,0.679479618228362,-0.064798360908185,17Networks_RH_TempPar_3,gmd_17Networks_RH_TempPar_3zDCwei_17Networks_RH_TempPar_3zDCbin_17Networks_RH_TempPar_3zReHo_17Networks_RH_TempPar_3zfALFF_17Networks_RH_TempPar_3zALFF_17Networks_RH_TempPar_3,-0.508275170599925,,0.055120907130527,-0.063819320567859,,0.153509639823155,-0.143353234208931,,0.141065481042092,-0.126468349653009,,0.33615402155331,-0.062552784675451,,,0.155742965015853,-0.04728312058649
18,,0.026109301883924,0.00492644762162,0.021727512012144,lPFtha_R,gmd_lPFtha_RzReHo_lPFtha_RzfALFF_lPFtha_RzALFF_lPFtha_RzDCwei_lPFtha_RzDCbin_lPFtha_R,0.601442458762791,,0.136912662145648,0.119685109322984,,0.175824934689912,0.131498236449232,,0.075520126710205,0.169420542337248,,0.308264053574494,0.102476195094128,,,0.615562530105493,0.056634863547055
19,,,0.753709247306691,0.017940263882191,lPFtha_L,gmd_lPFtha_LzReHo_lPFtha_LzfALFF_lPFtha_LzALFF_lPFtha_LzDCwei_lPFtha_LzDCbin_lPFtha_L,0.828005362593261,,0.602102645068136,0.045231327493564,0.043909520788104,0.032327088139274,0.203042188402691,0.035961099656752,0.017838970695869,0.222317339533609,,0.099688950110681,0.158099340940633,,0.04447808578329,0.037495387653992,0.181374902340573
20,,,0.097370387648998,-0.001136444489754,cTtha_R,gmd_cTtha_RzReHo_cTtha_RzfALFF_cTtha_RzALFF_cTtha_RzDCwei_cTtha_RzDCbin_cTtha_R,0.435327912413983,,0.065841673079367,0.155848324999543,,0.398281075601831,0.086031952614936,,0.347323472018775,0.094965433117339,,0.984397158533692,0.013879729402381,,,0.392678722683345,0.085738916769538
21,,,0.178361092285372,0.023222721128776,cTtha_L,gmd_cTtha_LzReHo_cTtha_LzfALFF_cTtha_LzALFF_cTtha_LzDCwei_cTtha_LzDCbin_cTtha_L,0.716638517840761,,0.084726700182544,0.12647387870848,,0.145275952934451,0.142849711258819,,0.106648198280737,0.156057341105719,,0.338779648145238,0.097446352931816,,0.04961052048189,0.049415203472119,0.170588512707151
22,,,0.62643282930957,0.035182605347434,Otha_R,gmd_Otha_RzReHo_Otha_RzfALFF_Otha_RzALFF_Otha_RzDCwei_Otha_RzDCbin_Otha_R,0.63842950604332,,0.079348284670455,0.122352669990891,,0.183329633618426,0.130666670931466,,0.163807238744562,0.135390532170466,,0.500186784514993,0.073440322762016,,,0.122933354215917,0.141396704841047
23,,,0.939010552750728,0.025455219595051,Otha_L,gmd_Otha_LzReHo_Otha_LzfALFF_Otha_LzALFF_Otha_LzDCwei_Otha_LzDCbin_Otha_L,0.74876310344866,,0.378696407721762,0.075881449749825,,0.230702537440031,0.122749600381251,,0.197938370108638,0.130348768402255,,0.058221011237289,0.184986826284497,,0.041309255498928,0.027026618658234,0.209341239035781
24,,,0.581378275044051,0.031784394757525,PPtha_R,gmd_PPtha_RzReHo_PPtha_RzfALFF_PPtha_RzALFF_PPtha_RzDCwei_PPtha_RzDCbin_PPtha_R,0.646999051812505,,0.055357765248928,0.139781746890946,,0.339231429033507,0.098310808749472,,0.257338910567152,0.114021508061926,,0.281976158382341,0.108442169354635,,,0.089632284179122,0.154658423998001
25,,,0.257652323407794,0.029700193456066,PPtha_L,gmd_PPtha_LzReHo_PPtha_LzfALFF_PPtha_LzALFF_PPtha_LzDCwei_PPtha_LzDCbin_PPtha_L,0.641615198599604,,0.216678722507748,0.102666918711979,,0.236044570266042,0.117995593931952,,0.205770006570931,0.12462208976138,,0.267439819210037,0.111020532136994,,,0.068797979302977,0.155609870601233
26,,,0.559059749131505,-0.043167310169879,rTtha_R,gmd_rTtha_RzReHo_rTtha_RzfALFF_rTtha_RzALFF_rTtha_RzDCwei_rTtha_RzDCbin_rTtha_R,0.687374202028099,,0.416241872422291,0.068852094029363,,0.070725107622283,0.175274251109585,,0.058660426234244,0.1819823166373,,0.333215744964851,0.097777906745091,,0.035628445120417,0.017109344762277,0.206654943676639
27,,,0.22449107296352,-0.022110957373117,rTtha_L,gmd_rTtha_LzReHo_rTtha_LzfALFF_rTtha_LzALFF_rTtha_LzDCwei_rTtha_LzDCbin_rTtha_L,0.525168947619935,,0.408070891821776,0.070556336752707,,0.429376622724409,0.08591241549805,,0.424549351314101,0.085632222017513,,0.276710575581557,0.105799931019359,,0.042336998359683,0.029169191783246,0.199378999705423
28,,,0.187142414417945,0.022155927697741,Stha_R,gmd_Stha_RzReHo_Stha_RzfALFF_Stha_RzALFF_Stha_RzDCwei_Stha_RzDCbin_Stha_R,0.7792101273625,,0.098962058419168,0.124135814403517,,0.236330576454488,0.117249151888891,,0.14242131365626,0.14276366652416,,0.09774008467918,0.155512502032255,,0.032136943545218,0.01116923780351,0.217393064815936
29,,,0.102727882166453,0.024847711804039,Stha_L,gmd_Stha_LzReHo_Stha_LzfALFF_Stha_LzALFF_Stha_LzDCwei_Stha_LzDCbin_Stha_L,0.737213490257722,,0.459801277418805,0.065008505230549,,0.146295318050529,0.14364842545539,,0.118829535942428,0.152837704133045,,0.117148029097522,0.149669471716475,,0.038103752608513,0.020552024044749,0.201201671918224
30,,,0.829653068950773,0.015888492337979,mPMtha_R,gmd_mPMtha_RzReHo_mPMtha_RzfALFF_mPMtha_RzALFF_mPMtha_RzDCwei_mPMtha_RzDCbin_mPMtha_R,0.696602401311402,,0.305501023809335,0.086072967291604,,0.118836911624237,0.14976096510496,,0.080260716455525,0.166063616171242,,0.084822883275491,0.159719514559344,,,0.167038994171638,0.119096845846273
31,,,0.840789905744792,0.023571933536702,mPMtha_L,gmd_mPMtha_LzReHo_mPMtha_LzfALFF_mPMtha_LzALFF_mPMtha_LzDCwei_mPMtha_LzDCbin_mPMtha_L,0.939085860720824,,0.18464762531113,0.113064826528163,0.036364928127434,0.018447579531815,0.224094950691845,0.03444788297338,0.015132104959935,0.229585803201891,,0.140633632552245,0.138204716064424,,0.033089177551158,0.013125333624664,0.210563630697799
32,,,0.79243974721046,0.019669357218301,mPFtha_R,gmd_mPFtha_RzReHo_mPFtha_RzfALFF_mPFtha_RzALFF_mPFtha_RzDCwei_mPFtha_RzDCbin_mPFtha_R,0.569034283874573,,0.344623191672595,0.078097982517193,,0.203045741211637,0.125075231740684,,0.250826296154722,0.11293868945682,,0.19781745518603,0.124132254034554,,,0.25170841351997,0.109120768907021
33,,,0.592324376930035,0.017320311907142,mPFtha_L,gmd_mPFtha_LzReHo_mPFtha_LzfALFF_mPFtha_LzALFF_mPFtha_LzDCwei_mPFtha_LzDCbin_mPFtha_L,0.683600745161261,,0.466318365557933,0.061972483499379,,0.12850713075736,0.148606007095288,,0.167432420131056,0.134952233951901,,0.158405599955841,0.137264311228963,,0.04961052048189,0.048762042303314,0.183485397478588
34,,,0.41754667166292,0.017971628048772,dlPu_R,gmd_dlPu_RzReHo_dlPu_RzfALFF_dlPu_RzALFF_dlPu_RzDCwei_dlPu_RzDCbin_dlPu_R,0.044667096064981,,0.216449044827549,-0.120355605133386,,0.153351421229694,0.141090782199985,,0.151407127469401,0.140850576732115,,0.820872030768608,-0.010438145217786,,,0.098795120082464,-0.124452140564719
35,,0.04276510218173,0.029800878291993,0.033677879655048,dlPu_L,gmd_dlPu_LzReHo_dlPu_LzfALFF_dlPu_LzALFF_dlPu_LzDCwei_dlPu_LzDCbin_dlPu_L,0.621312078386245,,0.625691731215255,0.041952186499195,,0.076865584736338,0.173267873688553,0.041309255498928,0.027432493077094,0.211206872653939,,0.374895519800382,0.09240032618582,,,0.562198446622751,0.06880693970369
36,,,0.164399833961065,0.028959104536906,dCa_R,gmd_dCa_RzReHo_dCa_RzfALFF_dCa_RzALFF_dCa_RzDCwei_dCa_RzDCbin_dCa_R,-0.126422847150713,,0.923703749041565,0.001732764376036,,0.868216239177673,0.025252742895785,,0.783995150828338,0.034853651441346,,0.236559052077741,-0.097037093121013,,,0.097249814111438,-0.120184017279773
37,,,0.186845332108229,0.086365455590476,dCa_L,gmd_dCa_LzReHo_dCa_LzfALFF_dCa_LzALFF_dCa_LzDCwei_dCa_LzDCbin_dCa_L,-0.025675648342426,0.048666690964411,0.046413233682002,0.178183984480047,,0.697612742744088,-0.025891748659313,,0.655338823613455,-0.031161308345614,,0.116955585899557,-0.133594676923014,,,0.197198511805988,-0.099577354485008
38,,,0.41490432506412,0.027476339131415,vmPu_R,gmd_vmPu_RzReHo_vmPu_RzfALFF_vmPu_RzALFF_vmPu_RzDCwei_vmPu_RzDCbin_vmPu_R,-0.097886839515028,,0.41638285194,-0.079425880781062,,0.569618635871735,0.063019784706254,,0.500968338233718,0.072341468427296,,0.41484300174438,-0.067226242712468,,,0.138791721371744,-0.114072308286463
39,,,0.634863223130096,0.025892384701929,vmPu_L,gmd_vmPu_LzReHo_vmPu_LzfALFF_vmPu_LzALFF_vmPu_LzDCwei_vmPu_LzDCbin_vmPu_L,0.145236310910294,,0.803341597638176,-0.013199473144705,,0.453248110420591,0.0800203073556,,0.42273478139275,0.084117604806221,,0.705463196078102,-0.022131090846778,,,0.770974985420075,-0.009463421961973
40,,,0.573089590833634,0.051508520616928,NAC_R,gmd_NAC_RzReHo_NAC_RzfALFF_NAC_RzALFF_NAC_RzDCwei_NAC_RzDCbin_NAC_R,0.245617750457698,,0.841212206226216,-0.011209694513992,,0.941602465273181,0.005243357997005,,0.892396885896102,0.023710496868199,,0.475032322286174,0.071647918438173,,,0.308382580816421,0.104717151051385
41,,,0.692199954042748,0.046106259843171,NAC_L,gmd_NAC_LzReHo_NAC_LzfALFF_NAC_LzALFF_NAC_LzDCwei_NAC_LzDCbin_NAC_L,0.391596853442788,,0.90944348332105,0.002773113529905,,0.630643382476407,0.055500837800455,,0.644245554858775,0.052780189865349,,0.446625829118731,0.081275489359181,,,0.110010882255366,0.153160963044727
42,,,0.838659568498387,0.022450353037371,GP_R,gmd_GP_RzReHo_GP_RzfALFF_GP_RzALFF_GP_RzDCwei_GP_RzDCbin_GP_R,0.207064580652455,,0.549135549300832,-0.054227895696112,,0.626929552997075,0.056767741891477,,0.541224957492761,0.067885369630118,,0.79201697186309,0.03657513105385,,,0.472954625699418,0.077613880735751
43,,,0.698546371578985,0.055510094664828,GP_L,gmd_GP_LzReHo_GP_LzfALFF_GP_LzALFF_GP_LzDCwei_GP_LzDCbin_GP_L,0.230124301412312,,0.949567593074602,0.010452413145447,,0.66285818335989,0.051819606661809,,0.611678514686967,0.058192130730497,,0.996441509761294,0.009938440938571,,,0.749364139455381,0.04421161527116
44,,,0.387256718599243,0.049057120750954,vCa_R,gmd_vCa_RzReHo_vCa_RzfALFF_vCa_RzALFF_vCa_RzDCwei_vCa_RzDCbin_vCa_R,-0.078217003388441,,0.075891575282264,-0.15058077529554,,0.726951402368181,0.042984512214717,,0.657268961675024,0.051044450508697,,0.989933173586198,0.011107222255363,,,0.26545607090891,-0.081829533822632
45,,,0.924608701311422,0.006171007458605,vCa_L,gmd_vCa_LzReHo_vCa_LzfALFF_vCa_LzALFF_vCa_LzDCwei_vCa_LzDCbin_vCa_L,-0.153416249761957,,0.984114394753801,0.011721461354518,,0.800405902273949,-0.01534128029404,,0.939273765827608,0.015225921523549,,0.413820313519186,-0.059528680059178,,,0.12713554716499,-0.111664679745411
46,,,0.421634078111609,0.000891522863629,cHipp_R,gmd_cHipp_RzReHo_cHipp_RzfALFF_cHipp_RzALFF_cHipp_RzDCwei_cHipp_RzDCbin_cHipp_R,0.026124832069456,,0.958550964827548,-0.002949597446037,,0.980624255953047,0.010067895990135,,0.859336804171853,-0.008688181425239,,0.932559493351615,0.010274384652336,,,0.925677862993047,0.016528807434632
47,,,0.983210143644854,0.087214192292787,cHipp_L,gmd_cHipp_LzReHo_cHipp_LzfALFF_cHipp_LzALFF_cHipp_LzDCwei_cHipp_LzDCbin_cHipp_L,0.742644870040674,,0.975323407892789,-0.003626461409097,,0.459975922975102,0.077012317079148,,0.496315828604114,0.071129632090186,0.039714234785231,0.022543502459788,0.212114075969472,,0.014855420518547,0.001226014380402,0.298801114018178
48,,,0.292346530761943,0.044479704691948,rHipp_R,gmd_rHipp_RzReHo_rHipp_RzfALFF_rHipp_RzALFF_rHipp_RzDCwei_rHipp_RzDCbin_rHipp_R,0.534665141948904,,0.664375498698972,-0.032694207338113,,0.40313705038708,0.08824855475071,,0.399575795350497,0.087698331910047,,0.188872141751447,0.122820037425515,,0.033089177551158,0.013099360206228,0.224112720508797
49,,,0.305088298872305,0.022684827566558,rHipp_L,gmd_rHipp_LzReHo_rHipp_LzfALFF_rHipp_LzALFF_rHipp_LzDCwei_rHipp_LzDCbin_rHipp_L,0.69994619205413,,0.790090935378652,-0.017343694149184,,0.254834017008815,0.114487248729486,,0.19314490680341,0.128850476789149,,0.26115554447323,0.109047403267967,0.026328745336531,0.006447047112337,0.000103656477703,0.342219929850154
50,,,0.850927693835503,0.052922811294057,lAmyg_R,gmd_lAmyg_RzReHo_lAmyg_RzfALFF_lAmyg_RzALFF_lAmyg_RzDCwei_lAmyg_RzDCbin_lAmyg_R,0.694713240332295,,0.906988090051777,-0.002184767032216,,0.15970830152201,0.139176607694071,,0.150595724503079,0.141331189863919,,0.13674693952844,0.137789437961445,,0.029898253386518,0.009473238494009,0.225677960551019
51,,,0.216150077116538,-0.001316612816585,lAmyg_L,gmd_lAmyg_LzReHo_lAmyg_LzfALFF_lAmyg_LzALFF_lAmyg_LzDCwei_lAmyg_LzDCbin_lAmyg_L,0.5032503987353,,0.973425993437681,0.006587964774027,,0.362177697014944,0.093693678411593,,0.310741676915128,0.102625602821056,,0.327531142870152,0.094404291730028,,0.03444788297338,0.01497995872473,0.207255473815181
52,,,0.652285241366617,0.072771271579691,mAmyg_R,gmd_mAmyg_RzReHo_mAmyg_RzfALFF_mAmyg_RzALFF_mAmyg_RzDCwei_mAmyg_RzDCbin_mAmyg_R,0.717012868611619,,0.718228982215205,-0.020306419476682,,0.178249542252419,0.127222338132813,,0.135909509888987,0.140063559667286,,0.247071368811467,0.110026355173393,,0.014855420518547,0.001136830084872,0.287235763535118
53,,,0.312320706578534,-0.026372876522479,mAmyg_L,gmd_mAmyg_LzReHo_mAmyg_LzfALFF_mAmyg_LzALFF_mAmyg_LzDCwei_mAmyg_LzDCbin_mAmyg_L,0.638899960272084,,0.323138110268428,-0.084298848435702,,0.332827699191373,0.095763242351481,,0.358865723644457,0.090624700756244,0.033089177551158,0.013143283978538,0.22466052707096,0.037395052228372,0.006447047112337,0.000147224615072,0.33852321505158
54,,,0.369068086045035,-0.005778367913223,17Networks_RH_TempPar_2,gmd_17Networks_RH_TempPar_2zDCwei_17Networks_RH_TempPar_2zDCbin_17Networks_RH_TempPar_2zReHo_17Networks_RH_TempPar_2zfALFF_17Networks_RH_TempPar_2zALFF_17Networks_RH_TempPar_2,-0.875805542383229,,0.14120173946381,-0.312156583640337,,0.585888667477235,-0.198715418311776,,0.631596656712713,-0.199382217202971,,0.802836197706789,-0.043777842316023,,,0.746873680409191,-0.115995112998899
55,,,0.102052755855869,0.14088486266329,17Networks_RH_TempPar_1,gmd_17Networks_RH_TempPar_1zDCwei_17Networks_RH_TempPar_1zDCbin_17Networks_RH_TempPar_1zReHo_17Networks_RH_TempPar_1zfALFF_17Networks_RH_TempPar_1zALFF_17Networks_RH_TempPar_1,0.275165947732221,,0.432638395881007,-0.101321634344297,,0.487733263614485,0.028089177387106,,0.453900880335522,0.029284466118932,,0.475207103057814,0.065213437780251,,,0.259865603854853,0.113015638126939
56,,,0.240115954475888,0.066931472833756,17Networks_RH_DefaultC_PHC_1,gmd_17Networks_RH_DefaultC_PHC_1zDCwei_17Networks_RH_DefaultC_PHC_1zDCbin_17Networks_RH_DefaultC_PHC_1zReHo_17Networks_RH_DefaultC_PHC_1zfALFF_17Networks_RH_DefaultC_PHC_1zALFF_17Networks_RH_DefaultC_PHC_1,-0.592915249662358,,0.44902326626759,-0.125967121314389,,0.248663279979962,-0.191921698815291,,0.328550714746824,-0.183299708184803,,0.799626872502129,-0.124548838325929,,,0.187931693439336,-0.034109355855702
57,,,0.502999546963512,0.012980306400427,17Networks_RH_DefaultC_Rsp_1,gmd_17Networks_RH_DefaultC_Rsp_1zDCwei_17Networks_RH_DefaultC_Rsp_1zDCbin_17Networks_RH_DefaultC_Rsp_1zReHo_17Networks_RH_DefaultC_Rsp_1zfALFF_17Networks_RH_DefaultC_Rsp_1zALFF_17Networks_RH_DefaultC_Rsp_1,0.103689162347065,,0.989960620906804,-0.06437708257174,,0.609279050435475,0.083347529184216,,0.567822889899813,0.097568191539283,,0.90250327989139,0.042137285519084,,,0.709211550307105,-0.067967067724205
58,,,0.400013831065206,0.010661091194333,17Networks_RH_DefaultB_PFCv_2,gmd_17Networks_RH_DefaultB_PFCv_2zDCwei_17Networks_RH_DefaultB_PFCv_2zDCbin_17Networks_RH_DefaultB_PFCv_2zReHo_17Networks_RH_DefaultB_PFCv_2zfALFF_17Networks_RH_DefaultB_PFCv_2zALFF_17Networks_RH_DefaultB_PFCv_2,-0.337387814184471,,0.2120508811873,-0.117974798178101,,0.531607523013771,-0.030961785492365,,0.592846895071239,-0.023969797121697,,0.67133766966837,-0.029938110338387,,,0.147879743383541,-0.145204414248254
59,,,0.588940374260644,0.000990258564431,17Networks_RH_DefaultB_PFCv_1,gmd_17Networks_RH_DefaultB_PFCv_1zDCwei_17Networks_RH_DefaultB_PFCv_1zDCbin_17Networks_RH_DefaultB_PFCv_1zReHo_17Networks_RH_DefaultB_PFCv_1zfALFF_17Networks_RH_DefaultB_PFCv_1zALFF_17Networks_RH_DefaultB_PFCv_1,-0.015956588006149,,0.239198208070658,-0.034155682494684,,0.976222983593741,-0.010556379728415,,0.88045497021307,0.008476923980702,,0.834853088506036,-0.043287920784603,,,0.303960815856413,0.06257621245642
60,,,0.18659449723223,0.106977502058165,17Networks_RH_DefaultB_PFCd_1,gmd_17Networks_RH_DefaultB_PFCd_1zDCwei_17Networks_RH_DefaultB_PFCd_1zDCbin_17Networks_RH_DefaultB_PFCd_1zReHo_17Networks_RH_DefaultB_PFCd_1zfALFF_17Networks_RH_DefaultB_PFCd_1zALFF_17Networks_RH_DefaultB_PFCd_1,0.33746303008162,,0.14563520807728,0.18134528970916,,0.327566878953352,0.028398843511517,,0.417951074965558,0.037643737896357,,0.710274968125476,0.098430293603879,,,0.096110917306173,-0.115332636697458
61,,,0.289099662370404,-0.103635856205317,17Networks_RH_DefaultA_PFCm_1,gmd_17Networks_RH_DefaultA_PFCm_1zDCwei_17Networks_RH_DefaultA_PFCm_1zDCbin_17Networks_RH_DefaultA_PFCm_1zReHo_17Networks_RH_DefaultA_PFCm_1zfALFF_17Networks_RH_DefaultA_PFCm_1zALFF_17Networks_RH_DefaultA_PFCm_1,0.312883256688538,,0.830645823282241,0.139752100253409,,0.11162940096967,0.111570989402098,,0.064994376006985,0.120071371479131,,0.989189304531104,0.186700641417554,,,0.92974136780802,-0.141575989658337
62,,,0.173732756972764,0.14825747622211,17Networks_RH_DefaultA_pCunPCC_1,gmd_17Networks_RH_DefaultA_pCunPCC_1zDCwei_17Networks_RH_DefaultA_pCunPCC_1zDCbin_17Networks_RH_DefaultA_pCunPCC_1zReHo_17Networks_RH_DefaultA_pCunPCC_1zfALFF_17Networks_RH_DefaultA_pCunPCC_1zALFF_17Networks_RH_DefaultA_pCunPCC_1,0.0317183727249,,0.405979204821081,0.067976075843833,,0.559982509462809,0.041576944353337,,0.3968672576071,0.048156542421465,,0.148065505874591,-0.153932494422565,,,0.520922713231665,-0.12031617169328
63,,,0.736540087598918,-0.076348901932589,17Networks_RH_DefaultA_PFCd_1,gmd_17Networks_RH_DefaultA_PFCd_1zDCwei_17Networks_RH_DefaultA_PFCd_1zDCbin_17Networks_RH_DefaultA_PFCd_1zReHo_17Networks_RH_DefaultA_PFCd_1zfALFF_17Networks_RH_DefaultA_PFCd_1zALFF_17Networks_RH_DefaultA_PFCd_1,-0.343195610616506,0.04447808578329,0.037167004068061,0.160092912658807,,0.695409912283571,-0.070066361354623,,0.800221382862667,-0.054364217672626,,0.740803720920957,-0.056947748776408,,0.014855420518547,0.001056362877751,-0.245561293539067
64,,,0.191964689263917,-0.150633344066001,17Networks_RH_DefaultA_IPL_1,gmd_17Networks_RH_DefaultA_IPL_1zDCwei_17Networks_RH_DefaultA_IPL_1zDCbin_17Networks_RH_DefaultA_IPL_1zReHo_17Networks_RH_DefaultA_IPL_1zfALFF_17Networks_RH_DefaultA_IPL_1zALFF_17Networks_RH_DefaultA_IPL_1,-0.698969532266959,,0.109555855817914,-0.054879929176226,,0.119566429362026,-0.152090519362048,,0.253986600568681,-0.113973680288226,,0.073029171763247,-0.056945650107943,,0.03444788297338,0.015069799461953,-0.170446409266515
65,,,0.483419202199602,-0.022058742927324,17Networks_RH_ContC_pCun_1,gmd_17Networks_RH_ContC_pCun_1zDCwei_17Networks_RH_ContC_pCun_1zDCbin_17Networks_RH_ContC_pCun_1zReHo_17Networks_RH_ContC_pCun_1zfALFF_17Networks_RH_ContC_pCun_1zALFF_17Networks_RH_ContC_pCun_1,-0.203300647820702,,0.760075988193921,0.033061082154952,,0.614817626052323,0.00397478685266,,0.73594025962364,0.021160619128202,,0.973188878409725,-0.08160424190451,,,0.094645099599175,-0.157834151124682
66,,,0.601398010916525,-0.070795793628679,17Networks_RH_ContC_Cingp_1,gmd_17Networks_RH_ContC_Cingp_1zDCwei_17Networks_RH_ContC_Cingp_1zDCbin_17Networks_RH_ContC_Cingp_1zReHo_17Networks_RH_ContC_Cingp_1zfALFF_17Networks_RH_ContC_Cingp_1zALFF_17Networks_RH_ContC_Cingp_1,-0.003415245452981,,0.356403224616029,0.08408399597628,,0.435033882472892,-0.010598026770695,,0.5214417404483,-0.00740445155327,,0.203180066473082,0.153399663452895,,,0.091817962722117,-0.152100632929512
67,,,0.259235530379938,-0.098010077963799,17Networks_RH_ContB_PFClv_1,gmd_17Networks_RH_ContB_PFClv_1zDCwei_17Networks_RH_ContB_PFClv_1zDCbin_17Networks_RH_ContB_PFClv_1zReHo_17Networks_RH_ContB_PFClv_1zfALFF_17Networks_RH_ContB_PFClv_1zALFF_17Networks_RH_ContB_PFClv_1,-0.003887320200168,,0.381484743833569,0.103062617852646,,0.479463251028343,-0.000524610133443,,0.389918811660641,0.017232411799612,,0.858979823776108,0.124167617347792,,,0.963528290214278,-0.149815279102976
68,,,0.568400738246765,-0.024778969194256,17Networks_RH_ContB_PFCld_1,gmd_17Networks_RH_ContB_PFCld_1zDCwei_17Networks_RH_ContB_PFCld_1zDCbin_17Networks_RH_ContB_PFCld_1zReHo_17Networks_RH_ContB_PFCld_1zfALFF_17Networks_RH_ContB_PFCld_1zALFF_17Networks_RH_ContB_PFCld_1,-0.655643496113397,,0.973567840347062,-0.083055725288669,,0.431111171607253,-0.114577166765122,,0.40331261492964,-0.144348931943334,,0.6807108076934,-0.047155257517358,,0.0292415330267,0.007684273816706,-0.241727445404658
69,,,0.092031364133577,0.023243767821671,17Networks_RH_ContB_IPL_1,gmd_17Networks_RH_ContB_IPL_1zDCwei_17Networks_RH_ContB_IPL_1zDCbin_17Networks_RH_ContB_IPL_1zReHo_17Networks_RH_ContB_IPL_1zfALFF_17Networks_RH_ContB_IPL_1zALFF_17Networks_RH_ContB_IPL_1,-0.225365911346471,,0.251816504251797,0.044387549339969,,0.170244215679964,-0.091618074352741,,0.265462437389683,-0.094025965364926,,0.525195931535716,0.021095567790026,,0.0292415330267,0.008853185555755,-0.12844875658047
70,,,0.782386525986908,0.002942123670569,17Networks_RH_ContB_Temp_1,gmd_17Networks_RH_ContB_Temp_1zDCwei_17Networks_RH_ContB_Temp_1zDCbin_17Networks_RH_ContB_Temp_1zReHo_17Networks_RH_ContB_Temp_1zfALFF_17Networks_RH_ContB_Temp_1zALFF_17Networks_RH_ContB_Temp_1,-0.561555780899084,,0.641451062559975,-0.140451885572788,,0.465532105153008,-0.08679985538057,,0.54633075588634,-0.079732936823602,,0.404342328236829,-0.035639461756111,,,0.066074413188153,-0.221873765036582
71,,,0.887061241886447,0.026851290591059,17Networks_RH_ContA_PFCl_2,gmd_17Networks_RH_ContA_PFCl_2zDCwei_17Networks_RH_ContA_PFCl_2zDCbin_17Networks_RH_ContA_PFCl_2zReHo_17Networks_RH_ContA_PFCl_2zfALFF_17Networks_RH_ContA_PFCl_2zALFF_17Networks_RH_ContA_PFCl_2,-0.821441691692159,,0.788131215046242,-0.218082477788702,,0.244704994191137,-0.126740151027662,,0.367974393452894,-0.125060791455909,,0.799904591466792,-0.094329964991051,,0.026903880702785,0.005401960298591,-0.284079597019894
72,,,0.587129419892645,-0.090425207361984,17Networks_RH_ContA_PFCl_1,gmd_17Networks_RH_ContA_PFCl_1zDCwei_17Networks_RH_ContA_PFCl_1zDCbin_17Networks_RH_ContA_PFCl_1zReHo_17Networks_RH_ContA_PFCl_1zfALFF_17Networks_RH_ContA_PFCl_1zALFF_17Networks_RH_ContA_PFCl_1,-0.635812132334782,,0.198408620458229,-0.065601255271528,,0.465027338269352,-0.082043707732146,,0.577588557153177,-0.070106979400568,,0.237298443248253,-0.008458191250607,,0.009778574333817,0.000384983241489,-0.319176791317949
73,,,0.977556453681125,0.026004760479065,17Networks_RH_ContA_IPS_1,gmd_17Networks_RH_ContA_IPS_1zDCwei_17Networks_RH_ContA_IPS_1zDCbin_17Networks_RH_ContA_IPS_1zReHo_17Networks_RH_ContA_IPS_1zfALFF_17Networks_RH_ContA_IPS_1zALFF_17Networks_RH_ContA_IPS_1,-0.647802810968863,,0.807544239207072,-0.076075631562307,,0.240857206416511,-0.104688313283435,,0.245828868677048,-0.071301928252447,,0.229401132012502,-0.156210277073366,,0.038571567758869,0.020956206105212,-0.265531421276373
74,,,0.714384380672523,0.054084748671596,17Networks_RH_LimbicA_TempPole_1,gmd_17Networks_RH_LimbicA_TempPole_1zDCwei_17Networks_RH_LimbicA_TempPole_1zDCbin_17Networks_RH_LimbicA_TempPole_1zReHo_17Networks_RH_LimbicA_TempPole_1zfALFF_17Networks_RH_LimbicA_TempPole_1zALFF_17Networks_RH_LimbicA_TempPole_1,-0.00971764927278,,0.861998249376763,-0.026936365988793,,0.621214638312589,-0.059539146952314,,0.888883949725338,-0.034348046248918,,0.865429649700692,-0.002501968602623,,,0.443966562089999,0.059523129848272
75,,,0.134970471153949,0.0501392765337,17Networks_RH_LimbicB_OFC_1,gmd_17Networks_RH_LimbicB_OFC_1zDCwei_17Networks_RH_LimbicB_OFC_1zDCbin_17Networks_RH_LimbicB_OFC_1zReHo_17Networks_RH_LimbicB_OFC_1zfALFF_17Networks_RH_LimbicB_OFC_1zALFF_17Networks_RH_LimbicB_OFC_1,0.073780962299966,,0.760335200255365,0.005108982591661,,0.64181823763348,0.029352724094411,,0.72281453691781,0.033523637457405,,0.939057341690856,-0.052484697151336,,,0.859346080912154,0.008141038774125
76,,,0.896963324612514,0.032662758350015,17Networks_RH_SalVentAttnB_PFCmp_1,gmd_17Networks_RH_SalVentAttnB_PFCmp_1zDCwei_17Networks_RH_SalVentAttnB_PFCmp_1zDCbin_17Networks_RH_SalVentAttnB_PFCmp_1zReHo_17Networks_RH_SalVentAttnB_PFCmp_1zfALFF_17Networks_RH_SalVentAttnB_PFCmp_1zALFF_17Networks_RH_SalVentAttnB_PFCmp_1,-0.457807605320813,,0.237540548912225,0.128421947541992,,0.317696546896099,-0.077132731145818,,0.440413705696678,-0.067472838181709,,0.63237625651429,-0.164142909636557,,0.014855420518547,0.001653799809991,-0.310143832248736
77,,,0.525720718682716,0.099022300046584,17Networks_RH_SalVentAttnB_PFCl_1,gmd_17Networks_RH_SalVentAttnB_PFCl_1zDCwei_17Networks_RH_SalVentAttnB_PFCl_1zDCbin_17Networks_RH_SalVentAttnB_PFCl_1zReHo_17Networks_RH_SalVentAttnB_PFCl_1zfALFF_17Networks_RH_SalVentAttnB_PFCl_1zALFF_17Networks_RH_SalVentAttnB_PFCl_1,-0.470739152322191,,0.185424944989418,0.069899535974089,,0.165039422388034,-0.13905873557103,,0.193760001512654,-0.129126925285633,,0.355584682923537,-0.133466334925441,0.038682282674023,0.006447047112337,0.000152292451473,-0.23800899256076
78,,,0.197717263737769,-0.121786236916605,17Networks_RH_SalVentAttnB_IPL_1,gmd_17Networks_RH_SalVentAttnB_IPL_1zDCwei_17Networks_RH_SalVentAttnB_IPL_1zDCbin_17Networks_RH_SalVentAttnB_IPL_1zReHo_17Networks_RH_SalVentAttnB_IPL_1zfALFF_17Networks_RH_SalVentAttnB_IPL_1zALFF_17Networks_RH_SalVentAttnB_IPL_1,-0.723009365240482,,0.99372662866401,-0.056534940319892,,0.345599173551774,-0.180468478124038,,0.511460434856871,-0.167791055733478,,0.521440964802744,-0.014986211004763,,,0.791840391726544,-0.181442443141706
79,,,0.822768680733442,0.085388745917549,17Networks_RH_SalVentAttnA_FrMed_1,gmd_17Networks_RH_SalVentAttnA_FrMed_1zDCwei_17Networks_RH_SalVentAttnA_FrMed_1zDCbin_17Networks_RH_SalVentAttnA_FrMed_1zReHo_17Networks_RH_SalVentAttnA_FrMed_1zfALFF_17Networks_RH_SalVentAttnA_FrMed_1zALFF_17Networks_RH_SalVentAttnA_FrMed_1,-0.691268430975479,,0.363425739853883,-0.052033779364435,0.048666690964411,0.046942280654649,-0.151321600654309,0.041309255498928,0.02741169942427,-0.167595868234127,,0.499145429998606,-0.148567799300301,,0.032136943545218,0.011329560368381,-0.257138129339856
80,,,0.91290491721006,-0.002823114679963,17Networks_RH_SalVentAttnA_ParMed_1,gmd_17Networks_RH_SalVentAttnA_ParMed_1zDCwei_17Networks_RH_SalVentAttnA_ParMed_1zDCbin_17Networks_RH_SalVentAttnA_ParMed_1zReHo_17Networks_RH_SalVentAttnA_ParMed_1zfALFF_17Networks_RH_SalVentAttnA_ParMed_1zALFF_17Networks_RH_SalVentAttnA_ParMed_1,-0.806103445059367,,0.612937988755978,-0.062049378472725,,0.089289247370818,-0.221255212953169,,0.130110492737264,-0.20658498842044,,0.24144258236858,-0.138262267941484,,,0.439104893428858,-0.175128482591586
81,,,0.411481921371622,0.029466969958815,17Networks_RH_SalVentAttnA_Ins_1,gmd_17Networks_RH_SalVentAttnA_Ins_1zDCwei_17Networks_RH_SalVentAttnA_Ins_1zDCbin_17Networks_RH_SalVentAttnA_Ins_1zReHo_17Networks_RH_SalVentAttnA_Ins_1zfALFF_17Networks_RH_SalVentAttnA_Ins_1zALFF_17Networks_RH_SalVentAttnA_Ins_1,-0.190036753638516,,0.150051529474577,-0.10566743625585,,0.391486915233973,-0.033434905964347,,0.441152221844065,-0.022665094800571,,0.273615185557513,-0.062095414588014,,,0.100153629050362,0.004359128011451
82,,,0.509828438910106,0.005014460717267,17Networks_RH_SalVentAttnA_ParOper_1,gmd_17Networks_RH_SalVentAttnA_ParOper_1zDCwei_17Networks_RH_SalVentAttnA_ParOper_1zDCbin_17Networks_RH_SalVentAttnA_ParOper_1zReHo_17Networks_RH_SalVentAttnA_ParOper_1zfALFF_17Networks_RH_SalVentAttnA_ParOper_1zALFF_17Networks_RH_SalVentAttnA_ParOper_1,-0.607944685232549,,0.05788568913685,-0.138733106130687,0.014855420518547,0.00104141639387,-0.14335392688723,0.014855420518547,0.001220139630872,-0.132650089869962,,0.342403031006201,-0.031214070222112,,,0.962164341971584,-0.167007952839825
83,,,0.709965996789372,0.032583336487529,17Networks_RH_DorsAttnB_FEF_1,gmd_17Networks_RH_DorsAttnB_FEF_1zDCwei_17Networks_RH_DorsAttnB_FEF_1zDCbin_17Networks_RH_DorsAttnB_FEF_1zReHo_17Networks_RH_DorsAttnB_FEF_1zfALFF_17Networks_RH_DorsAttnB_FEF_1zALFF_17Networks_RH_DorsAttnB_FEF_1,-0.548635761685493,,0.560701720682294,-0.013536459535772,0.04276510218173,0.029788469197009,-0.109889022027737,,0.052234335847285,-0.10006456517036,,0.204398578809617,-0.078726944987331,,0.043235049428021,0.031410039066999,-0.279002106451822
84,,,0.583729737397327,0.067454702735222,17Networks_RH_DorsAttnB_PostC_2,gmd_17Networks_RH_DorsAttnB_PostC_2zDCwei_17Networks_RH_DorsAttnB_PostC_2zDCbin_17Networks_RH_DorsAttnB_PostC_2zReHo_17Networks_RH_DorsAttnB_PostC_2zfALFF_17Networks_RH_DorsAttnB_PostC_2zALFF_17Networks_RH_DorsAttnB_PostC_2,-0.267209603648439,0.008998852573122,0.0002834284275,0.055083294301313,,0.083329397717965,-0.094822972657768,,0.065557131693624,-0.089921752750084,,0.948168113032003,-0.084693228620291,,0.008998852573122,0.000277486378146,-0.120309646656831
85,,,0.597783190796899,-0.061914825849372,17Networks_RH_DorsAttnB_PostC_1,gmd_17Networks_RH_DorsAttnB_PostC_1zDCwei_17Networks_RH_DorsAttnB_PostC_1zDCbin_17Networks_RH_DorsAttnB_PostC_1zReHo_17Networks_RH_DorsAttnB_PostC_1zfALFF_17Networks_RH_DorsAttnB_PostC_1zALFF_17Networks_RH_DorsAttnB_PostC_1,-0.893397533212982,,0.984015408774419,-0.106146934829308,,0.157230885918083,-0.09333036224399,,0.229613542616215,-0.067490514541106,,0.248406097192011,-0.206483302452121,,0.026109301883924,0.004775978468019,-0.358031593297085
86,,,0.106440072945591,-0.014635024513413,17Networks_RH_DorsAttnA_SPL_1,gmd_17Networks_RH_DorsAttnA_SPL_1zDCwei_17Networks_RH_DorsAttnA_SPL_1zDCbin_17Networks_RH_DorsAttnA_SPL_1zReHo_17Networks_RH_DorsAttnA_SPL_1zfALFF_17Networks_RH_DorsAttnA_SPL_1zALFF_17Networks_RH_DorsAttnA_SPL_1,-0.397904520157017,,0.35688021000184,-0.051755823475647,,0.531055834187459,-0.052294722249258,,0.659131211587854,-0.044265672879706,,0.548377449301233,-0.070643007840954,,0.035628445120417,0.016942158171519,-0.164310269198039
87,,,0.166852036860288,0.025280395796327,17Networks_RH_DorsAttnA_ParOcc_1,gmd_17Networks_RH_DorsAttnA_ParOcc_1zDCwei_17Networks_RH_DorsAttnA_ParOcc_1zDCbin_17Networks_RH_DorsAttnA_ParOcc_1zReHo_17Networks_RH_DorsAttnA_ParOcc_1zfALFF_17Networks_RH_DorsAttnA_ParOcc_1zALFF_17Networks_RH_DorsAttnA_ParOcc_1,-0.688630504683714,0.043086750990909,0.030440700658069,-0.224329542268586,,0.722459325886947,-0.137264336963837,,0.937736207393762,-0.09822308858715,,0.473989720386118,-0.079079753292554,,,0.1052148052846,-0.175014179367914
88,,,0.44295489474208,0.008492443781185,17Networks_RH_DorsAttnA_TempOcc_1,gmd_17Networks_RH_DorsAttnA_TempOcc_1zDCwei_17Networks_RH_DorsAttnA_TempOcc_1zDCbin_17Networks_RH_DorsAttnA_TempOcc_1zReHo_17Networks_RH_DorsAttnA_TempOcc_1zfALFF_17Networks_RH_DorsAttnA_TempOcc_1zALFF_17Networks_RH_DorsAttnA_TempOcc_1,-0.519568596217946,0.028399348147713,0.006484890521919,-0.147990495391782,0.0292415330267,0.008628187723505,-0.068816075688825,0.032136943545218,0.011468383791475,-0.048546407643047,,0.402711188891084,-0.092565191417001,,,0.141199565123967,-0.170142869858476
89,,,0.814247809059686,-0.01064217555083,17Networks_RH_SomMotB_Cent_1,gmd_17Networks_RH_SomMotB_Cent_1zDCwei_17Networks_RH_SomMotB_Cent_1zDCbin_17Networks_RH_SomMotB_Cent_1zReHo_17Networks_RH_SomMotB_Cent_1zfALFF_17Networks_RH_SomMotB_Cent_1zALFF_17Networks_RH_SomMotB_Cent_1,-0.814427424453031,,0.097152746783557,-0.242237541125759,,0.108624730829765,-0.094402399056037,,0.066593944503177,-0.09105630986196,,0.526292254680801,-0.096661771345619,,0.044161776882529,0.033382130556872,-0.279427227512826
90,,,0.521657847701927,-0.045797204637807,17Networks_RH_SomMotB_S2_2,gmd_17Networks_RH_SomMotB_S2_2zDCwei_17Networks_RH_SomMotB_S2_2zDCbin_17Networks_RH_SomMotB_S2_2zReHo_17Networks_RH_SomMotB_S2_2zfALFF_17Networks_RH_SomMotB_S2_2zALFF_17Networks_RH_SomMotB_S2_2,-0.775560312463776,,0.790344439944688,-0.125051423778381,,0.054721094346172,-0.161295744210648,,0.0747879606841,-0.154101443721309,,0.183480286216347,-0.069072397087904,,,0.318631677850868,-0.220242099027727
91,,,0.597897495162246,-0.005068310697873,17Networks_RH_SomMotB_S2_1,gmd_17Networks_RH_SomMotB_S2_1zDCwei_17Networks_RH_SomMotB_S2_1zDCbin_17Networks_RH_SomMotB_S2_1zReHo_17Networks_RH_SomMotB_S2_1zfALFF_17Networks_RH_SomMotB_S2_1zALFF_17Networks_RH_SomMotB_S2_1,-1.07097036186788,,0.175024052672297,-0.240473319059663,,0.110301716131059,-0.236846204428415,,0.073785496488616,-0.2183112281972,0.04447808578329,0.036085556716605,-0.172183417918739,,0.032136943545218,0.011513629380373,-0.198087881565989
92,,,0.882738468654952,0.021660388331828,17Networks_RH_SomMotB_Aud_1,gmd_17Networks_RH_SomMotB_Aud_1zDCwei_17Networks_RH_SomMotB_Aud_1zDCbin_17Networks_RH_SomMotB_Aud_1zReHo_17Networks_RH_SomMotB_Aud_1zfALFF_17Networks_RH_SomMotB_Aud_1zALFF_17Networks_RH_SomMotB_Aud_1,-0.517856775691155,,0.094609530413019,-0.173136041229656,,0.88679085506116,-0.147534507685464,,0.71630099891505,-0.153335492288972,,0.477348918691581,-0.046310341461149,,,0.331362056945827,-0.019200781357742
93,,0.044350964621572,0.033874358805452,0.13944302191504,17Networks_RH_SomMotA_4,gmd_17Networks_RH_SomMotA_4zDCwei_17Networks_RH_SomMotA_4zDCbin_17Networks_RH_SomMotA_4zReHo_17Networks_RH_SomMotA_4zfALFF_17Networks_RH_SomMotA_4zALFF_17Networks_RH_SomMotA_4,-0.190803139037755,,0.218744209025666,0.016400075442836,,0.150313677536541,-0.1236344682027,,0.133015469950782,-0.121039947024468,,0.905993759517919,-0.056778730370177,,0.0292415330267,0.007880964668541,-0.045193090798286
94,,,0.917250396518454,-0.026989336543799,17Networks_RH_SomMotA_3,gmd_17Networks_RH_SomMotA_3zDCwei_17Networks_RH_SomMotA_3zDCbin_17Networks_RH_SomMotA_3zReHo_17Networks_RH_SomMotA_3zfALFF_17Networks_RH_SomMotA_3zALFF_17Networks_RH_SomMotA_3,-0.656210799845821,,0.456551367729164,-0.138606210531962,,0.263121712828515,-0.147359127220834,,0.253816391859391,-0.1258879424245,,0.426304743529337,-0.098574853387897,,0.020950240934517,0.003051806750304,-0.118793329736829
95,,,0.856964649672632,-0.132676085888234,17Networks_RH_SomMotA_2,gmd_17Networks_RH_SomMotA_2zDCwei_17Networks_RH_SomMotA_2zDCbin_17Networks_RH_SomMotA_2zReHo_17Networks_RH_SomMotA_2zfALFF_17Networks_RH_SomMotA_2zALFF_17Networks_RH_SomMotA_2,-0.807346860680622,,0.118438649495764,-0.077058234961454,,0.584392425171619,-0.163229913779208,,0.460165604620302,-0.178593145416945,,0.407134465271905,-0.035896851694744,,0.014855420518547,0.000863505569386,-0.219892628940037
96,,,0.607684466186243,0.028506113093617,17Networks_RH_SomMotA_1,gmd_17Networks_RH_SomMotA_1zDCwei_17Networks_RH_SomMotA_1zDCbin_17Networks_RH_SomMotA_1zReHo_17Networks_RH_SomMotA_1zfALFF_17Networks_RH_SomMotA_1zALFF_17Networks_RH_SomMotA_1,-0.64598617391764,,0.305619785093811,-0.16342695879422,,0.480908496642579,-0.080905379116898,,0.694152141163803,-0.067660034688936,,0.11474501442146,-0.033790851549658,0.035766573767549,0.006447047112337,0.000140813282549,-0.328709062861545
97,,,0.904060824164371,-0.115108214414242,17Networks_RH_VisPeri_ExStrSup_1,gmd_17Networks_RH_VisPeri_ExStrSup_1zDCwei_17Networks_RH_VisPeri_ExStrSup_1zDCbin_17Networks_RH_VisPeri_ExStrSup_1zReHo_17Networks_RH_VisPeri_ExStrSup_1zfALFF_17Networks_RH_VisPeri_ExStrSup_1zALFF_17Networks_RH_VisPeri_ExStrSup_1,-0.371747760954184,,0.525346442037204,0.041120377803832,,0.735564820455812,-0.012181615016158,,0.896473927232734,-0.013296384269101,,0.631411035171958,-0.173431476076192,,,0.674991739692901,-0.098850448982323
98,,,0.715193496357082,-0.076059554387747,17Networks_RH_VisPeri_ExStrInf_1,gmd_17Networks_RH_VisPeri_ExStrInf_1zDCwei_17Networks_RH_VisPeri_ExStrInf_1zDCbin_17Networks_RH_VisPeri_ExStrInf_1zReHo_17Networks_RH_VisPeri_ExStrInf_1zfALFF_17Networks_RH_VisPeri_ExStrInf_1zALFF_17Networks_RH_VisPeri_ExStrInf_1,-0.206017818642861,0.041309255498928,0.027548833301254,-0.062644048971936,,0.459977459856197,-0.016132580316797,,0.430734941980797,-0.022152710655607,,0.76482854903254,-0.006772954594328,,,0.181789387837222,-0.022255969716446
99,,,0.810633996435029,0.013682677199004,17Networks_RH_VisPeri_StriCal_1,gmd_17Networks_RH_VisPeri_StriCal_1zDCwei_17Networks_RH_VisPeri_StriCal_1zDCbin_17Networks_RH_VisPeri_StriCal_1zReHo_17Networks_RH_VisPeri_StriCal_1zfALFF_17Networks_RH_VisPeri_StriCal_1zALFF_17Networks_RH_VisPeri_StriCal_1,-0.327602726477188,,0.735984169497624,-0.10202699615616,,0.954831674693529,-0.050113176563984,,0.95445062011446,-0.056121432622351,,0.711947269082253,-0.081947881876902,,,0.764522932649194,-0.051075916456795
100,,,0.470634607092834,0.164699321887925,17Networks_RH_VisCent_ExStr_3,gmd_17Networks_RH_VisCent_ExStr_3zDCwei_17Networks_RH_VisCent_ExStr_3zDCbin_17Networks_RH_VisCent_ExStr_3zReHo_17Networks_RH_VisCent_ExStr_3zfALFF_17Networks_RH_VisCent_ExStr_3zALFF_17Networks_RH_VisCent_ExStr_3,-0.456227281939208,,0.688648545186754,-0.165040207496089,,0.837846291806664,-0.076141704727231,,0.92464171254179,-0.067333059935482,,0.434554933350585,-0.150260387094596,,,0.173036795356459,-0.162151244573735
101,,,0.834442066089533,0.13213974412098,17Networks_RH_VisCent_ExStr_2,gmd_17Networks_RH_VisCent_ExStr_2zDCwei_17Networks_RH_VisCent_ExStr_2zDCbin_17Networks_RH_VisCent_ExStr_2zReHo_17Networks_RH_VisCent_ExStr_2zfALFF_17Networks_RH_VisCent_ExStr_2zALFF_17Networks_RH_VisCent_ExStr_2,0.108410045011244,,0.677857573556652,-0.083753423927188,,0.645863492006544,0.063872744157509,,0.796343719863451,0.089770173068061,,0.212714637021126,-0.059486974965747,,,0.842410433439776,-0.034132217442371
102,,,0.852150149219097,0.025542074157158,17Networks_RH_VisCent_ExStr_1,gmd_17Networks_RH_VisCent_ExStr_1zDCwei_17Networks_RH_VisCent_ExStr_1zDCbin_17Networks_RH_VisCent_ExStr_1zReHo_17Networks_RH_VisCent_ExStr_1zfALFF_17Networks_RH_VisCent_ExStr_1zALFF_17Networks_RH_VisCent_ExStr_1,-0.436416410819859,0.031062253658896,0.010150263990899,-0.110679063329657,,0.732494017556525,-0.026460699173832,,0.634669522107887,-0.032581441590654,,0.599371870295,-0.172198501826394,,,0.193302492768757,-0.12003877905648
103,,,0.613478996501348,0.002752564255299,17Networks_LH_TempPar_1,gmd_17Networks_LH_TempPar_1zDCwei_17Networks_LH_TempPar_1zDCbin_17Networks_LH_TempPar_1zReHo_17Networks_LH_TempPar_1zfALFF_17Networks_LH_TempPar_1zALFF_17Networks_LH_TempPar_1,-0.354412368592468,,0.892965020650536,-0.110008914560017,,0.782273426733003,-0.151553304434125,,0.917373423080499,-0.153114589291105,,0.156124494076285,0.006029428671213,,0.04620256910693,0.041047354385566,0.051482446766267
104,,,0.245006994739666,0.01970956678637,17Networks_LH_DefaultC_PHC_1,gmd_17Networks_LH_DefaultC_PHC_1zDCwei_17Networks_LH_DefaultC_PHC_1zDCbin_17Networks_LH_DefaultC_PHC_1zReHo_17Networks_LH_DefaultC_PHC_1zfALFF_17Networks_LH_DefaultC_PHC_1zALFF_17Networks_LH_DefaultC_PHC_1,-0.045544729610351,0.043235049428021,0.031346473059579,-0.148975086191593,,0.328701192045354,-0.086907258972226,,0.307001652955648,-0.081517513944534,,0.41152567701084,0.084551123746815,,,0.055925326589079,0.167594438964817
105,,,0.224515648870014,0.008963164004059,17Networks_LH_DefaultC_Rsp_1,gmd_17Networks_LH_DefaultC_Rsp_1zDCwei_17Networks_LH_DefaultC_Rsp_1zDCbin_17Networks_LH_DefaultC_Rsp_1zReHo_17Networks_LH_DefaultC_Rsp_1zfALFF_17Networks_LH_DefaultC_Rsp_1zALFF_17Networks_LH_DefaultC_Rsp_1,-0.631534467243236,0.04750728904574,0.044393501472437,-0.193865387342478,,0.368832965909427,-0.09032742051471,,0.27890869468138,-0.100196819167388,,0.486830148681762,-0.080798443150454,,,0.603481544689568,-0.175309561072265
106,,,0.139627738059047,0.055737569118357,17Networks_LH_DefaultB_PFCv_2,gmd_17Networks_LH_DefaultB_PFCv_2zDCwei_17Networks_LH_DefaultB_PFCv_2zDCbin_17Networks_LH_DefaultB_PFCv_2zReHo_17Networks_LH_DefaultB_PFCv_2zfALFF_17Networks_LH_DefaultB_PFCv_2zALFF_17Networks_LH_DefaultB_PFCv_2,-0.016125531140844,0.035628445120417,0.016471300371943,0.053122499386347,,0.419597784631223,-0.03924809462057,,0.284726740808125,-0.017429066616087,,0.588537725771755,-0.038271157393147,,,0.104009559945653,-0.030037281015744
107,,,0.417354870681919,-0.051382690704346,17Networks_LH_DefaultB_PFCv_1,gmd_17Networks_LH_DefaultB_PFCv_1zDCwei_17Networks_LH_DefaultB_PFCv_1zDCbin_17Networks_LH_DefaultB_PFCv_1zReHo_17Networks_LH_DefaultB_PFCv_1zfALFF_17Networks_LH_DefaultB_PFCv_1zALFF_17Networks_LH_DefaultB_PFCv_1,0.263611564959576,,0.920846482654811,0.050152258723165,,0.775197527424217,0.066662886251182,,0.92323764249999,0.051783014177757,,0.211339284932426,0.019823902061658,,0.04447808578329,0.037178391427528,0.12657219445016
108,,,0.087967161862344,-0.109724078116649,17Networks_LH_DefaultB_PFCl_1,gmd_17Networks_LH_DefaultB_PFCl_1zDCwei_17Networks_LH_DefaultB_PFCl_1zDCbin_17Networks_LH_DefaultB_PFCl_1zReHo_17Networks_LH_DefaultB_PFCl_1zfALFF_17Networks_LH_DefaultB_PFCl_1zALFF_17Networks_LH_DefaultB_PFCl_1,-0.324028892161794,,0.336385629448089,0.078577049441871,,0.553608362515591,-0.090756214695032,,0.455426436048336,-0.109507709775615,,0.161882291105004,-0.012225756784025,,,0.929075551509448,-0.080392182232344
109,,,0.882797545061847,0.037339518084388,17Networks_LH_DefaultB_PFCd_1,gmd_17Networks_LH_DefaultB_PFCd_1zDCwei_17Networks_LH_DefaultB_PFCd_1zDCbin_17Networks_LH_DefaultB_PFCd_1zReHo_17Networks_LH_DefaultB_PFCd_1zfALFF_17Networks_LH_DefaultB_PFCd_1zALFF_17Networks_LH_DefaultB_PFCd_1,0.078749133785576,,0.918863934490764,0.093602766439693,,0.9792609944956,0.038558733409875,,0.978315425067585,0.043648530991798,,0.082233515021006,0.020465579743002,,0.026109301883924,0.004599671748842,-0.15486599488318
110,,,0.550662577576918,-0.072470337491329,17Networks_LH_DefaultB_IPL_1,gmd_17Networks_LH_DefaultB_IPL_1zDCwei_17Networks_LH_DefaultB_IPL_1zDCbin_17Networks_LH_DefaultB_IPL_1zReHo_17Networks_LH_DefaultB_IPL_1zfALFF_17Networks_LH_DefaultB_IPL_1zALFF_17Networks_LH_DefaultB_IPL_1,-0.267718104827008,,0.326119585641018,0.052186540232562,,0.362995145314171,-0.053941981504781,,0.301245372301478,-0.061937858839489,,0.479552721480755,-0.060230427354289,,0.04961052048189,0.049343723193948,-0.071324039869682
111,,,0.490621633166482,-0.073895739020284,17Networks_LH_DefaultB_Temp_2,gmd_17Networks_LH_DefaultB_Temp_2zDCwei_17Networks_LH_DefaultB_Temp_2zDCbin_17Networks_LH_DefaultB_Temp_2zReHo_17Networks_LH_DefaultB_Temp_2zfALFF_17Networks_LH_DefaultB_Temp_2zALFF_17Networks_LH_DefaultB_Temp_2,-0.578540261728185,,0.270656408124607,-0.127483534850921,,0.459803000863252,-0.144811153334783,,0.473788035789771,-0.156119523285931,,0.159490261673978,-0.047192291762924,,,0.200471282511732,-0.029038019473342
112,,,0.907091005683405,0.020877948810314,17Networks_LH_DefaultB_Temp_1,gmd_17Networks_LH_DefaultB_Temp_1zDCwei_17Networks_LH_DefaultB_Temp_1zDCbin_17Networks_LH_DefaultB_Temp_1zReHo_17Networks_LH_DefaultB_Temp_1zfALFF_17Networks_LH_DefaultB_Temp_1zALFF_17Networks_LH_DefaultB_Temp_1,0.188683544122379,,0.106674697303882,0.138642101744582,,0.894154767258576,-0.061578291051933,,0.723299911005647,-0.066517352634817,,0.939860410879788,-0.011507779041233,,0.036364928127434,0.018611971088844,0.168766916295466
113,,,0.825443732350613,-0.098264771411521,17Networks_LH_DefaultA_PFCm_1,gmd_17Networks_LH_DefaultA_PFCm_1zDCwei_17Networks_LH_DefaultA_PFCm_1zDCbin_17Networks_LH_DefaultA_PFCm_1zReHo_17Networks_LH_DefaultA_PFCm_1zfALFF_17Networks_LH_DefaultA_PFCm_1zALFF_17Networks_LH_DefaultA_PFCm_1,-0.162712321019856,,0.874557643408865,0.036458662226065,,0.346461258602662,0.005912481963278,,0.260146305018738,0.018262487073132,,0.985647881599642,0.003588568628516,,,0.52521029776207,-0.128669749499326
114,,,0.54963320783334,0.003895276176077,17Networks_LH_DefaultA_pCunPCC_1,gmd_17Networks_LH_DefaultA_pCunPCC_1zDCwei_17Networks_LH_DefaultA_pCunPCC_1zDCbin_17Networks_LH_DefaultA_pCunPCC_1zReHo_17Networks_LH_DefaultA_pCunPCC_1zfALFF_17Networks_LH_DefaultA_pCunPCC_1zALFF_17Networks_LH_DefaultA_pCunPCC_1,-0.387701781589079,,0.311755017241928,-0.064426323216313,,0.147416894821397,-0.009899650730322,,0.108965738769081,-0.000902096758726,,0.978682171257335,-0.136613060598723,,,0.217723019986128,-0.179755926461072
115,,,0.333857948877383,-0.091123759424206,17Networks_LH_DefaultA_PFCd_1,gmd_17Networks_LH_DefaultA_PFCd_1zDCwei_17Networks_LH_DefaultA_PFCd_1zDCbin_17Networks_LH_DefaultA_PFCd_1zReHo_17Networks_LH_DefaultA_PFCd_1zfALFF_17Networks_LH_DefaultA_PFCd_1zALFF_17Networks_LH_DefaultA_PFCd_1,-0.316489395946665,,0.668139083655562,0.063026346173857,,0.405093198402852,-0.064283438685088,,0.340039020313606,-0.080355460096309,,0.391093600189412,-0.010831607402669,,0.033202617925107,0.013333334757326,-0.13292147651225
116,,,0.690396313422417,0.018363086869271,17Networks_LH_ContC_Cingp_1,gmd_17Networks_LH_ContC_Cingp_1zDCwei_17Networks_LH_ContC_Cingp_1zDCbin_17Networks_LH_ContC_Cingp_1zReHo_17Networks_LH_ContC_Cingp_1zfALFF_17Networks_LH_ContC_Cingp_1zALFF_17Networks_LH_ContC_Cingp_1,-0.066621173513304,,0.65774515280573,0.03229643678305,0.048666690964411,0.046707584344184,-0.085720782309156,,0.07897874729322,-0.050662691109251,,0.913466052066871,0.056274626045306,,,0.380446058936559,-0.037171849792524
117,,,0.710138530585893,-0.032296428224295,17Networks_LH_ContC_pCun_2,gmd_17Networks_LH_ContC_pCun_2zDCwei_17Networks_LH_ContC_pCun_2zDCbin_17Networks_LH_ContC_pCun_2zReHo_17Networks_LH_ContC_pCun_2zfALFF_17Networks_LH_ContC_pCun_2zALFF_17Networks_LH_ContC_pCun_2,-0.632569595987443,,0.208597915757456,-0.153088052143467,,0.408827120656017,-0.041274808303917,,0.362600887728272,-0.06176724292646,,0.900942918123663,-0.110796054267505,,,0.084925779430547,-0.233347010121799
118,,,0.998830949383938,-0.014486478757469,17Networks_LH_ContC_pCun_1,gmd_17Networks_LH_ContC_pCun_1zDCwei_17Networks_LH_ContC_pCun_1zDCbin_17Networks_LH_ContC_pCun_1zReHo_17Networks_LH_ContC_pCun_1zfALFF_17Networks_LH_ContC_pCun_1zALFF_17Networks_LH_ContC_pCun_1,-0.572215897204003,,0.172963000938962,-0.134661804462116,,0.663406212854216,-0.005826752036165,,0.62093724483748,-0.013174198339109,,0.139154789987509,-0.190146362854643,,,0.168584976504628,-0.213920300754501
119,,,0.237457272351094,0.076662207186901,17Networks_LH_ContB_PFClv_1,gmd_17Networks_LH_ContB_PFClv_1zDCwei_17Networks_LH_ContB_PFClv_1zDCbin_17Networks_LH_ContB_PFClv_1zReHo_17Networks_LH_ContB_PFClv_1zfALFF_17Networks_LH_ContB_PFClv_1zALFF_17Networks_LH_ContB_PFClv_1,0.081222660560498,,0.113283831482212,0.072963335230397,,0.886325463760623,0.017366331989729,,0.884922460600148,0.048305849814791,,0.30316593455561,0.018539014547829,,,0.47245526034571,-0.152614078209149
120,,,0.998248290235192,0.027383122473691,17Networks_LH_ContA_PFCl_2,gmd_17Networks_LH_ContA_PFCl_2zDCwei_17Networks_LH_ContA_PFCl_2zDCbin_17Networks_LH_ContA_PFCl_2zReHo_17Networks_LH_ContA_PFCl_2zfALFF_17Networks_LH_ContA_PFCl_2zALFF_17Networks_LH_ContA_PFCl_2,-0.151926986364683,,0.173589056099065,0.081397825414398,,0.374640264311819,-0.017144169831708,,0.576695776695915,-0.012928102207834,,0.304717264103267,-0.056361941086032,,,0.129233531322467,-0.174273721127198
121,,,0.513785542505494,-0.051551058931459,17Networks_LH_ContA_PFCl_1,gmd_17Networks_LH_ContA_PFCl_1zDCwei_17Networks_LH_ContA_PFCl_1zDCbin_17Networks_LH_ContA_PFCl_1zReHo_17Networks_LH_ContA_PFCl_1zfALFF_17Networks_LH_ContA_PFCl_1zALFF_17Networks_LH_ContA_PFCl_1,-0.473159776925974,,0.896680875569343,0.121215680434945,,0.242343521933776,-0.135673601877669,,0.256930919972744,-0.104534777103644,,0.551614701753441,-0.089267536493922,,,0.073130755923706,-0.213348482954225
122,,,0.104846795553461,0.039458040928815,17Networks_LH_ContA_IPS_1,gmd_17Networks_LH_ContA_IPS_1zDCwei_17Networks_LH_ContA_IPS_1zDCbin_17Networks_LH_ContA_IPS_1zReHo_17Networks_LH_ContA_IPS_1zfALFF_17Networks_LH_ContA_IPS_1zALFF_17Networks_LH_ContA_IPS_1,-0.068126113562127,,0.825742215947052,0.159625496492742,,0.625699859937821,-0.052950995916717,,0.665610143122045,-0.038322103394226,,0.875070796729563,-0.038488377586103,,0.041519553367147,0.028279065876049,-0.137448174086638
123,,,0.38500987725024,0.126601491035375,17Networks_LH_LimbicA_TempPole_2,gmd_17Networks_LH_LimbicA_TempPole_2zDCwei_17Networks_LH_LimbicA_TempPole_2zDCbin_17Networks_LH_LimbicA_TempPole_2zReHo_17Networks_LH_LimbicA_TempPole_2zfALFF_17Networks_LH_LimbicA_TempPole_2zALFF_17Networks_LH_LimbicA_TempPole_2,-0.244667971614803,,0.174161352852917,0.004987866238588,,0.23789367688798,-0.135104376688718,,0.198028221078942,-0.153589580434077,,0.577768722139384,-0.155706442679239,,0.027869800286828,0.005986398559408,0.068143070913268
124,,,0.897178223463612,0.079378654499872,17Networks_LH_LimbicA_TempPole_1,gmd_17Networks_LH_LimbicA_TempPole_1zDCwei_17Networks_LH_LimbicA_TempPole_1zDCbin_17Networks_LH_LimbicA_TempPole_1zReHo_17Networks_LH_LimbicA_TempPole_1zfALFF_17Networks_LH_LimbicA_TempPole_1zALFF_17Networks_LH_LimbicA_TempPole_1,0.532266684541179,,0.177988634886155,0.136872752751097,,0.910030640758365,0.006424749706855,,0.996048716266193,0.02136699098045,,0.985875814635363,0.020732608824854,,0.035628445120417,0.017482355845332,0.267490927778051
125,,0.043235049428021,0.031331561657692,0.102743475096217,17Networks_LH_LimbicB_OFC_1,gmd_17Networks_LH_LimbicB_OFC_1zDCwei_17Networks_LH_LimbicB_OFC_1zDCbin_17Networks_LH_LimbicB_OFC_1zReHo_17Networks_LH_LimbicB_OFC_1zfALFF_17Networks_LH_LimbicB_OFC_1zALFF_17Networks_LH_LimbicB_OFC_1,0.128120363179301,,0.835649646218448,0.014896936604219,,0.681040388740026,0.005201167833301,,0.553595775422661,0.010148557273936,,0.37959573747628,-0.058843104554663,,,0.557338787039639,0.053973330926291
126,,,0.744942072266092,0.005949533790907,17Networks_LH_SalVentAttnB_PFCmp_1,gmd_17Networks_LH_SalVentAttnB_PFCmp_1zDCwei_17Networks_LH_SalVentAttnB_PFCmp_1zDCbin_17Networks_LH_SalVentAttnB_PFCmp_1zReHo_17Networks_LH_SalVentAttnB_PFCmp_1zfALFF_17Networks_LH_SalVentAttnB_PFCmp_1zALFF_17Networks_LH_SalVentAttnB_PFCmp_1,-0.762102928724688,,0.693630671794527,-0.091710287329977,,0.191484230816845,-0.153100787797905,,0.326086428747956,-0.146330335898846,,0.139278393658326,-0.143244256332151,,0.041177301859391,0.025271382807619,-0.233666795156716
127,,,0.184420540218092,-0.029571481677147,17Networks_LH_SalVentAttnB_PFCl_1,gmd_17Networks_LH_SalVentAttnB_PFCl_1zDCwei_17Networks_LH_SalVentAttnB_PFCl_1zDCbin_17Networks_LH_SalVentAttnB_PFCl_1zReHo_17Networks_LH_SalVentAttnB_PFCl_1zfALFF_17Networks_LH_SalVentAttnB_PFCl_1zALFF_17Networks_LH_SalVentAttnB_PFCl_1,-0.398254924863397,,0.414903723785566,0.057886709606527,,0.499184915347554,-0.064343901611274,,0.768510341706589,-0.050796431330899,,0.858962701674574,-0.061513415370988,,0.041309255498928,0.026378587295368,-0.249916404479616
128,,,0.45639102110536,0.085967040477986,17Networks_LH_SalVentAttnA_FrMed_1,gmd_17Networks_LH_SalVentAttnA_FrMed_1zDCwei_17Networks_LH_SalVentAttnA_FrMed_1zDCbin_17Networks_LH_SalVentAttnA_FrMed_1zReHo_17Networks_LH_SalVentAttnA_FrMed_1zfALFF_17Networks_LH_SalVentAttnA_FrMed_1zALFF_17Networks_LH_SalVentAttnA_FrMed_1,-0.361093149258943,,0.638192415387608,0.011788811802011,0.0292415330267,0.006951208839654,-0.113013950045487,0.026109301883924,0.004878275490213,-0.120605598956357,,0.850866901378016,-0.077321872457844,,,0.806595497672593,-0.147907580079252
129,,,0.161665247728812,0.095220577491722,17Networks_LH_SalVentAttnA_ParMed_1,gmd_17Networks_LH_SalVentAttnA_ParMed_1zDCwei_17Networks_LH_SalVentAttnA_ParMed_1zDCbin_17Networks_LH_SalVentAttnA_ParMed_1zReHo_17Networks_LH_SalVentAttnA_ParMed_1zfALFF_17Networks_LH_SalVentAttnA_ParMed_1zALFF_17Networks_LH_SalVentAttnA_ParMed_1,-0.374908768241964,,0.67684548863292,-0.056110883477714,0.037427700577704,0.020040028655778,-0.247099930632699,0.041309255498928,0.0277345340342,-0.240809983096207,,0.809762305537749,-0.003713742057702,,,0.622844151223411,0.077605193530636
130,,,0.346694102552515,0.083596457585495,17Networks_LH_SalVentAttnA_Ins_2,gmd_17Networks_LH_SalVentAttnA_Ins_2zDCwei_17Networks_LH_SalVentAttnA_Ins_2zDCbin_17Networks_LH_SalVentAttnA_Ins_2zReHo_17Networks_LH_SalVentAttnA_Ins_2zfALFF_17Networks_LH_SalVentAttnA_Ins_2zALFF_17Networks_LH_SalVentAttnA_Ins_2,0.040309462195014,0.021335797044423,0.003443967239454,0.048710189281219,,0.427756078128249,-0.010814542118523,,0.40556288282013,-0.017544877093554,,0.993932159623975,-0.091940083230336,,,0.690408576771195,0.028302317770713
131,,,0.088163505608152,0.084952732245718,17Networks_LH_SalVentAttnA_Ins_1,gmd_17Networks_LH_SalVentAttnA_Ins_1zDCwei_17Networks_LH_SalVentAttnA_Ins_1zDCbin_17Networks_LH_SalVentAttnA_Ins_1zReHo_17Networks_LH_SalVentAttnA_Ins_1zfALFF_17Networks_LH_SalVentAttnA_Ins_1zALFF_17Networks_LH_SalVentAttnA_Ins_1,0.899488236482003,,0.82640333342478,-0.060229307763919,,0.100678299797642,0.147254760901912,,0.104109343551645,0.148347713819213,,0.226003985382685,0.183694320649974,0.010132330620107,0.005066165310053,3.98910654334911e-05,0.395468016629105
132,,,0.093558042756986,0.108694685995503,17Networks_LH_SalVentAttnA_ParOper_1,gmd_17Networks_LH_SalVentAttnA_ParOper_1zDCwei_17Networks_LH_SalVentAttnA_ParOper_1zDCbin_17Networks_LH_SalVentAttnA_ParOper_1zReHo_17Networks_LH_SalVentAttnA_ParOper_1zfALFF_17Networks_LH_SalVentAttnA_ParOper_1zALFF_17Networks_LH_SalVentAttnA_ParOper_1,0.030488637367567,,0.979337016410206,0.008711769370086,,0.055008367860227,-0.11446959327113,0.048666690964411,0.046427026413817,-0.123066969312259,,0.756784649308844,0.012036801668055,,,0.081097048220838,0.138581942917312
133,,,0.70656667971857,-0.044002899704566,17Networks_LH_DorsAttnB_FEF_1,gmd_17Networks_LH_DorsAttnB_FEF_1zDCwei_17Networks_LH_DorsAttnB_FEF_1zDCbin_17Networks_LH_DorsAttnB_FEF_1zReHo_17Networks_LH_DorsAttnB_FEF_1zfALFF_17Networks_LH_DorsAttnB_FEF_1zALFF_17Networks_LH_DorsAttnB_FEF_1,-0.073341603283716,0.04447808578329,0.0358161790834,0.148308773966368,,0.317411302519942,-0.074627064524591,,0.499992332842865,-0.064689746591185,,0.941705261938215,0.052191583317411,,,0.393191005934571,-0.090522249747153
134,,,0.754229911619452,0.131613938453609,17Networks_LH_DorsAttnB_PostC_3,gmd_17Networks_LH_DorsAttnB_PostC_3zDCwei_17Networks_LH_DorsAttnB_PostC_3zDCbin_17Networks_LH_DorsAttnB_PostC_3zReHo_17Networks_LH_DorsAttnB_PostC_3zfALFF_17Networks_LH_DorsAttnB_PostC_3zALFF_17Networks_LH_DorsAttnB_PostC_3,-0.014445096256205,,0.102506273128135,0.089567501146438,,0.195717895104093,-0.034951450988494,,0.208964658378792,-0.022130840272791,,0.481564144677164,-0.086015194685446,,,0.683507480105095,-0.092529049909521
135,,,0.519597933837763,0.054496289226038,17Networks_LH_DorsAttnB_PostC_2,gmd_17Networks_LH_DorsAttnB_PostC_2zDCwei_17Networks_LH_DorsAttnB_PostC_2zDCbin_17Networks_LH_DorsAttnB_PostC_2zReHo_17Networks_LH_DorsAttnB_PostC_2zfALFF_17Networks_LH_DorsAttnB_PostC_2zALFF_17Networks_LH_DorsAttnB_PostC_2,-0.267296402231065,,0.774615015924248,0.118787405496932,,0.0907808740628,-0.083911116815975,,0.13633567052733,-0.0503657654938,,0.781349705418639,-0.172576381675162,,0.031381608240155,0.010501719292965,-0.133726832969098
136,,,0.929116309608063,-0.012378481523816,17Networks_LH_DorsAttnB_PostC_1,gmd_17Networks_LH_DorsAttnB_PostC_1zDCwei_17Networks_LH_DorsAttnB_PostC_1zDCbin_17Networks_LH_DorsAttnB_PostC_1zReHo_17Networks_LH_DorsAttnB_PostC_1zfALFF_17Networks_LH_DorsAttnB_PostC_1zALFF_17Networks_LH_DorsAttnB_PostC_1,-0.614413302201472,,0.908875864679553,0.032680966676583,0.0292415330267,0.008678238204758,-0.178879280784186,0.035628445120417,0.017457759852212,-0.179456907708006,,0.716901069258701,-0.08365888175522,,,0.073759548047026,-0.192720717106827
137,,,0.76169816624086,-0.066525079213336,17Networks_LH_DorsAttnA_SPL_1,gmd_17Networks_LH_DorsAttnA_SPL_1zDCwei_17Networks_LH_DorsAttnA_SPL_1zDCbin_17Networks_LH_DorsAttnA_SPL_1zReHo_17Networks_LH_DorsAttnA_SPL_1zfALFF_17Networks_LH_DorsAttnA_SPL_1zALFF_17Networks_LH_DorsAttnA_SPL_1,-0.403640354925477,,0.185448434951488,-0.011639067305168,,0.095924136829171,-0.016550562057561,,0.123814481661597,-0.011636017963624,,0.460264922219613,-0.142757200407775,,,0.284515244164781,-0.154532427978013
138,,,0.474698175094952,-0.012507026619005,17Networks_LH_DorsAttnA_ParOcc_1,gmd_17Networks_LH_DorsAttnA_ParOcc_1zDCwei_17Networks_LH_DorsAttnA_ParOcc_1zDCbin_17Networks_LH_DorsAttnA_ParOcc_1zReHo_17Networks_LH_DorsAttnA_ParOcc_1zfALFF_17Networks_LH_DorsAttnA_ParOcc_1zALFF_17Networks_LH_DorsAttnA_ParOcc_1,-0.211359119088222,,0.178138908895158,0.066692993462719,,0.090589671583653,-0.131692023854331,,0.075673649798447,-0.131710299787611,,0.097052813126699,0.009980740283465,,,0.864791263251249,-0.012123502573459
139,,,0.403999349371544,0.075180166051771,17Networks_LH_DorsAttnA_TempOcc_1,gmd_17Networks_LH_DorsAttnA_TempOcc_1zDCwei_17Networks_LH_DorsAttnA_TempOcc_1zDCbin_17Networks_LH_DorsAttnA_TempOcc_1zReHo_17Networks_LH_DorsAttnA_TempOcc_1zfALFF_17Networks_LH_DorsAttnA_TempOcc_1zALFF_17Networks_LH_DorsAttnA_TempOcc_1,-0.402305673090885,,0.743077249828316,-0.084332313661845,,0.306561107612767,-0.135186064913439,,0.193475403935699,-0.1404520162449,,0.316117484147979,-0.0647620333593,,,0.654512797819388,-0.052753410963172
140,,,0.8659755976661,0.039406313134967,17Networks_LH_SomMotB_Cent_1,gmd_17Networks_LH_SomMotB_Cent_1zDCwei_17Networks_LH_SomMotB_Cent_1zDCbin_17Networks_LH_SomMotB_Cent_1zReHo_17Networks_LH_SomMotB_Cent_1zfALFF_17Networks_LH_SomMotB_Cent_1zALFF_17Networks_LH_SomMotB_Cent_1,-0.264137646204837,,0.074206756362621,0.062324913495181,,0.65602787660851,-0.062032046296237,,0.696030931257789,-0.061121288449985,,0.498032354260371,-0.036587226416311,,,0.124442992913832,-0.206128311672452
141,,,0.148626952918691,-0.017915953099049,17Networks_LH_SomMotB_S2_2,gmd_17Networks_LH_SomMotB_S2_2zDCwei_17Networks_LH_SomMotB_S2_2zDCbin_17Networks_LH_SomMotB_S2_2zReHo_17Networks_LH_SomMotB_S2_2zfALFF_17Networks_LH_SomMotB_S2_2zALFF_17Networks_LH_SomMotB_S2_2,-0.016174488937285,,0.114314125581675,0.012886745654897,,0.805048560856242,-0.130350743829302,,0.758469926342657,-0.120487843582935,,0.655897927475087,0.043886397265523,,0.0292415330267,0.007293467324657,0.195806908653581
142,,,0.997584905899779,0.111587677858876,17Networks_LH_SomMotB_S2_1,gmd_17Networks_LH_SomMotB_S2_1zDCwei_17Networks_LH_SomMotB_S2_1zDCbin_17Networks_LH_SomMotB_S2_1zReHo_17Networks_LH_SomMotB_S2_1zfALFF_17Networks_LH_SomMotB_S2_1zALFF_17Networks_LH_SomMotB_S2_1,0.285358187894693,,0.840215470190963,0.070303647540027,,0.543859810280319,-0.108165258159158,,0.685632692013682,-0.11386135727276,,0.746159973128626,0.139840799569087,,,0.252382460922674,0.185652678358621
143,,,0.948694864591528,0.085572264026363,17Networks_LH_SomMotB_Aud_1,gmd_17Networks_LH_SomMotB_Aud_1zDCwei_17Networks_LH_SomMotB_Aud_1zDCbin_17Networks_LH_SomMotB_Aud_1zReHo_17Networks_LH_SomMotB_Aud_1zfALFF_17Networks_LH_SomMotB_Aud_1zALFF_17Networks_LH_SomMotB_Aud_1,0.369961177646317,,0.206961371300741,0.096384730725022,,0.864954863000434,-0.090900223668556,,0.988118876891977,-0.108857549136764,,0.585759910839959,0.179360411293932,,0.016676536868844,0.002104951150186,0.20840154440632
144,,,0.690822241013032,0.089411825666915,17Networks_LH_SomMotA_2,gmd_17Networks_LH_SomMotA_2zDCwei_17Networks_LH_SomMotA_2zDCbin_17Networks_LH_SomMotA_2zReHo_17Networks_LH_SomMotA_2zfALFF_17Networks_LH_SomMotA_2zALFF_17Networks_LH_SomMotA_2,0.100272947730743,,0.068631948134729,0.113371436822432,,0.859187754451756,-0.069440098325191,,0.704552838146913,-0.048689568903115,,0.471779679616092,0.031695873224672,,,0.765942873297138,-0.01607652075497
145,,,0.332089011266014,0.019139877555297,17Networks_LH_SomMotA_1,gmd_17Networks_LH_SomMotA_1zDCwei_17Networks_LH_SomMotA_1zDCbin_17Networks_LH_SomMotA_1zReHo_17Networks_LH_SomMotA_1zfALFF_17Networks_LH_SomMotA_1zALFF_17Networks_LH_SomMotA_1,0.424243856906164,0.03859447712233,0.021424493205703,0.220343650505866,,0.90309073986188,-0.007479770175552,,0.954213699167124,0.00056283112842,,0.075411966528578,0.127455065961245,,0.041200082241088,0.025466192566342,0.064222201930888
146,,,0.117184261061039,-0.122508778099806,17Networks_LH_VisPeri_ExStrSup_1,gmd_17Networks_LH_VisPeri_ExStrSup_1zDCwei_17Networks_LH_VisPeri_ExStrSup_1zDCbin_17Networks_LH_VisPeri_ExStrSup_1zReHo_17Networks_LH_VisPeri_ExStrSup_1zfALFF_17Networks_LH_VisPeri_ExStrSup_1zALFF_17Networks_LH_VisPeri_ExStrSup_1,-0.267064508646798,,0.253588300804829,0.031106926549671,,0.584675447007308,-0.083633769300632,,0.41570513241589,-0.080061555360229,,0.312850904679753,-0.051277136581921,,,0.359590754965317,0.039309804146119
147,,,0.757334848061202,0.081024840598657,17Networks_LH_VisPeri_StriCal_1,gmd_17Networks_LH_VisPeri_StriCal_1zDCwei_17Networks_LH_VisPeri_StriCal_1zDCbin_17Networks_LH_VisPeri_StriCal_1zReHo_17Networks_LH_VisPeri_StriCal_1zfALFF_17Networks_LH_VisPeri_StriCal_1zALFF_17Networks_LH_VisPeri_StriCal_1,-0.050351566942468,,0.566767245755212,-0.05618294458168,,0.355293337580462,-0.03624907181802,,0.376880444456004,-0.060830929246261,,0.377031482448881,-0.013428658311504,,,0.547327631886535,0.03531519641634
148,,,0.511626096708024,-0.054397031351801,17Networks_LH_VisPeri_ExStrInf_1,gmd_17Networks_LH_VisPeri_ExStrInf_1zDCwei_17Networks_LH_VisPeri_ExStrInf_1zDCbin_17Networks_LH_VisPeri_ExStrInf_1zReHo_17Networks_LH_VisPeri_ExStrInf_1zfALFF_17Networks_LH_VisPeri_ExStrInf_1zALFF_17Networks_LH_VisPeri_ExStrInf_1,-0.186523305059711,,0.691101712536222,-0.045122041646599,,0.627583978974006,-0.038912363908224,,0.613618646473579,-0.066698030382009,,0.309660978824693,-0.034671231601929,,,0.466505579164115,0.053277393830851
149,,,0.118886893546223,-0.103074523362652,17Networks_LH_VisCent_ExStr_3,gmd_17Networks_LH_VisCent_ExStr_3zDCwei_17Networks_LH_VisCent_ExStr_3zDCbin_17Networks_LH_VisCent_ExStr_3zReHo_17Networks_LH_VisCent_ExStr_3zfALFF_17Networks_LH_VisCent_ExStr_3zALFF_17Networks_LH_VisCent_ExStr_3,-0.192193610866565,,0.512590180662313,0.041605245729738,,0.682658758725719,-0.02612257028955,,0.557155884391914,-0.023726294435645,,0.316511078090268,-0.04106534711373,,,0.329462845128547,-0.039810121394726
150,,,0.970151264220367,-0.007012338021802,17Networks_LH_VisCent_Striate_1,gmd_17Networks_LH_VisCent_Striate_1zDCwei_17Networks_LH_VisCent_Striate_1zDCbin_17Networks_LH_VisCent_Striate_1zReHo_17Networks_LH_VisCent_Striate_1zfALFF_17Networks_LH_VisCent_Striate_1zALFF_17Networks_LH_VisCent_Striate_1,-0.072427576954506,,0.265037099587754,-0.074977719564134,,0.726709685525817,-0.055149098911959,,0.714921774365463,-0.053550145878101,,0.228274072791971,-0.005421815829734,,0.04447808578329,0.036761356482439,0.123683541251224
151,,,0.643858238129543,0.068882461028562,17Networks_LH_VisCent_ExStr_2,gmd_17Networks_LH_VisCent_ExStr_2zDCwei_17Networks_LH_VisCent_ExStr_2zDCbin_17Networks_LH_VisCent_ExStr_2zReHo_17Networks_LH_VisCent_ExStr_2zfALFF_17Networks_LH_VisCent_ExStr_2zALFF_17Networks_LH_VisCent_ExStr_2,0.237554982822509,,0.829109026519859,0.014580458434004,,0.476256893486263,0.007140023320015,,0.419649922025058,0.010240826548666,,0.783783430643821,0.045321391191091,,,0.530513952626106,0.091389822300171
152,,,0.454821223897299,0.051217333971753,17Networks_LH_VisCent_ExStr_1,gmd_17Networks_LH_VisCent_ExStr_1zDCwei_17Networks_LH_VisCent_ExStr_1zDCbin_17Networks_LH_VisCent_ExStr_1zReHo_17Networks_LH_VisCent_ExStr_1zfALFF_17Networks_LH_VisCent_ExStr_1zALFF_17Networks_LH_VisCent_ExStr_1,0.199406908268725,,0.269193320593994,0.050352814796425,,0.646188668582344,-0.00730210993207,,0.598288218421588,-0.000396370872536,,0.771909465100206,0.027805454241202,,,0.689949732145733,0.077729786063951
